<?xml version='1.0' encoding='utf-8'?>
<!DOCTYPE hibernate-configuration PUBLIC
        "-//Hibernate/Hibernate Configuration DTD//EN"
        "http://www.hibernate.org/dtd/hibernate-configuration-3.0.dtd">
<hibernate-configuration>
    <session-factory>
        <property name="connection.url">jdbc:postgresql://localhost:5433/postgres</property>
        <property name="connection.username">postgres</property>
        <property name="connection.password">pass</property>
        <property name="connection.driver_class">org.postgresql.Driver</property>
        <property name="hibernate.hbm2ddl.auto">create</property>
        <property name="hibernate.cache.use_second_level_cache">true</property>
        <property name="hibernate.cache.provider_class">org.hibernate.cache.jcache.internal.JCacheRegionFactory</property>
<!--                <property name="hibernate.dialect">org.hibernate.dialect.PostgresPlusDialect</property>-->
        <property name="show_sql">true</property>
        <property name="format_sql">true</property>
        <property name="use_sql_comments">true</property>
        <property name="hibernate.jdbc.time_zone">Europe/Kaliningrad</property>
        <property name="hibernate.current_session_context_class">thread</property>
        <!-- DB schema will be updated if needed -->

    </session-factory>

</hibernate-configuration>