<?xml version="1.0" encoding="utf-8" ?>
<!DOCTYPE log4j:configuration SYSTEM "log4j.dtd">
<log4j:configuration>

    <appender name="console" class="org.apache.log4j.ConsoleAppender">
        <param name="target" value="System.out"/>
        <layout class="org.apache.log4j.PatternLayout">
            <param name="conversionPattern" value="[%d{dd.MM.yy HH:mm:ss}] %p [%c: %L] %m%n"/>
        </layout>
    </appender>

    <appender name="file" class="org.apache.log4j.RollingFileAppender">
        <param name="file" value="logs/hibernate-starter-log"/>
        <param name="append" value="false"/>
        <param name="maxFileSize" value="100KB"/>
        <param name="maxBackupIndex" value="10"/>
        <layout class="org.apache.log4j.PatternLayout">
            <param name="conversionPattern" value="[%d{dd.MM.yy HH:mm:ss}] %p [%c: %L] %m%n"/>
        </layout>
        <filter class="org.apache.log4j.varia.LevelRangeFilter">
            <param name="LevelMin" value="ALL"/>
        </filter>
    </appender>
    <root>
        <level value="info"/>
        <appender-ref ref="console"/>
        <appender-ref ref="file"/>
    </root>

</log4j:configuration>